20-91,36-157,50-218,75-320
83.59,236.43,1293.01,1015.06
72.9825,79.0525,129.81,671.2225
72.3925,126.2075,213.2475,480.3575
48.4975,280.7025,495.83,2505.7875
30.3625,566.9575,640.165,1102.995
85.07,688.6175,249.1275,382.77
119.815,526.82,1951.3125,2652.945
46.215,67.75,969.755,851.8225
126.675,403.2575,659.1,1241.435
77.0625,114.115,1111.63,412.855
41.935,643.075,238.6575,2027.9225
13.125,510.625,515.4025,314.57
46.2975,434.3475,185.4025,1095.97
71.79,88.95,462.215,1734.27
18.2175,232.7575,218.8575,673.615
147.9,196.8,304.2625,132.3925
57.9925,167.575,472.16,2411.28
32.8975,111.745,224.3975,2294.26
189.335,170.71,844.655,257.7925
116.92,119.25,326.165,1193.0675
222.7525,1410.51,717.5175,2522.0925
67.1325,1501.705,329.605,736.0225
47.8025,119.745,295.575,746.495
47.14,312.25,634.3325,3262.1375
40.905,1639.24,3366.825,966.4275
93.13,274.0825,1067.4975,951.62
29.6625,156.7625,185.1225,3531.0975
153.22,167.9525,170.555,8872.83
33.78,262.01,1979.93,594.14
181.01,130.815,313.98,417.855
74.24,101.7825,345.935,1624.0775
22.6675,89.5075,197.3075,1242.885
326.375,216.245,504.64,1136.7425
28.09,232.12,1258.34,242.7025
22.05,135.6675,826.535,3548.2125
45.605,1083.5025,1543.86,329.645
66.43,97.575,150.7325,1047.4375
285.23,819.1,227.14,558.61
44.5025,348.855,462.7925,628.51
59.3275,250.7925,3308.47,847.7325
219.49,118.64,505.1775,1035.415
40.73,135.505,359.2875,1538.85
100.9875,125.3175,154.7425,1298.265
348.22,75.865,262.1325,7584.5425
85.6,420.0575,142.015,1008.87
67.315,558.7075,135.675,4198.8675
36.2275,405.1375,423.0525,2741.8975
133.605,499.1325,756.835,527.0075
41.905,719.4175,300.955,503.42
105.9275,96.0675,359.3725,3107.855
175.0175,555.2675,497.6575,428.5975
183.2475,136.6575,563.1225,1169.9475
161.625,244.4225,2127.53,7826.46
33.1975,483.3125,189.415,149.3975
16.2325,84.5575,1747.13,398.6425
42.59,672.325,345.4275,463.0375
30.325,168.6875,784.945,483.5875
66.75,398.005,653.595,588.675
131.0025,121.525,294.515,1607.825
328.315,188.175,1019.1075,5224.5425
23.095,82.5275,1651.66,400.81
49.26,254.8925,1631.8725,2980.3025
50.5925,357.29,118.8175,222.335
64.03,191.8575,660.3,2330.6375
33.1225,229.63,163.715,745.78
203.175,928.06,436.495,1135.745
268.74,488.955,535.9275,346.4625
55.44,175.8325,1170.6525,7031.6125
46.625,179.19,243.2,573.6075
73.9825,174.605,1090.0375,686.2025
42.85,126.3025,378.225,3795.58
125.7475,69.25,654.02,454.9525
157.465,146.31,630.315,780.265
270.76,266.57,210.945,1756.5075
31.015,153.74,148.3525,757.0075
37.6075,212.29,799.665,605.2025
125.32,87.015,1033.645,7664.89
168.515,271.16,266.845,675.9375
149.245,389.37,2640.9425,1601.1525
61.37,431.8425,143.7225,1869.815
225.275,496.5575,271.03,386.49
69.3525,101.62,654.3425,2747.145
248.05,1710.98,1699.0225,1534.95
77.655,194.5825,546.4575,859.73
31.5125,479.535,6460.725,841.7475
41.2,191.16,1016.8975,2859.7225
75.8225,227.0375,749.165,1275.165
121.4675,167.85,661.985,562.3625
28.7775,173.9325,287.925,5066.91
92.66,152.9675,601.2525,447.8275
62.6475,342.535,879.675,7110.9425
103.0325,72.1825,854.58,2968.8
64.3925,426.82,124.0425,254.7625
26.9175,189.4975,3435.04,1270.5525
379.095,67.525,310.6025,7493.775
195.75,408.585,749.18,1106.83
161.0825,320.185,1539.42,1139.685
106.045,127.0225,183.1725,2389.4625
28.495,379.34,1948.7075,3032.1675
292.16,642.2875,768.935,437.0325
40.5875,321.5375,174.5875,1074.3625
74.07,406.66,1618.4325,4259.8575
153.6325,117.4975,193.5425,1326.5925
77.73,881.94,901.345,693.0675
79.65,303.2775,201.4925,11034.02
194.095,106.67,319.935,2648.61
56.5025,239.565,1315.7625,2681.9925
116.9025,217.195,973.4425,933.5925
62.07,1547.2975,846.4075,1109.59
28.805,244.5325,623.18,989.96
52.605,477.2975,515.265,1101.88
166.2825,820.37,450.41,385.805
54.31,244.3275,404.2425,242.5275
227.2375,202.705,336.69,633.45
164.945,202.455,235.3425,719.09
120.5925,173.0225,695.425,258.8575
173.2675,390.22,3315.88,2593.4775
45.0525,1346.8325,725.015,9245.88
17.6125,272.82,5504.1875,440.7325
61.875,380.75,800.575,1107.1
22.2675,2406.15,290.715,4049.1425
372.8775,73.4325,592.9375,536.9175
88.9025,264.625,1269.6675,862.0525
176.9325,143.8175,222.075,3530.9
88.4775,46.6,1394.6575,603.6675
64.205,4162.3475,11820.0125,2273.3475
153.155,223.6725,193.9425,455.6075
33.465,167.9875,361.315,365.355
97.2775,191.4425,564.58,834.79
60.615,343.325,3222.8825,1617.1675
51.2475,188.435,744.3775,640.955
23.9025,120.2825,677.8725,1611.9825
99.35,441.03,213.75,398.1125
42.3375,960.155,1024.485,640.4775
204.93,185.7,4206.45,592.235
44.4275,115.0475,942.6275,2044.7075
66.555,63.0725,661.5,2574.8575
19.5525,183.22,181.0925,843.8225
126.5825,91.5025,652.56,2705.285
71.8,111.51,214.5775,808.4925
44.805,215.495,1512.46,2708.15
106.995,141.165,670.5825,1622.165
45.3325,453.5275,674.1775,453.975
49.505,54.7525,971.21,1778.8875
108.845,569.665,1377.945,2703.91
59.1925,592.32,220.065,1194.1075
151.455,687.1225,1065.2325,2773.6725
69.84,132.7875,1521.95,1413.7675
27.3975,192.925,832.045,283.3825
63.4675,328.1675,398.77,890.7425
55.7025,1005.285,196.765,1060.8775
157.145,213.1675,2298.735,759.135
142.94,126.415,508.54,395.4175
71.27,314.925,275.7675,222.0325
147.135,102.675,266.935,1266.0375
53.8025,316.97,820.71,1223.0
65.295,142.2125,280.9775,579.045
31.5725,534.2375,271.2575,3717.525
119.7275,104.415,460.17,612.3375
37.055,193.685,369.215,335.85
70.7775,263.5375,687.975,661.2
87.775,161.865,170.9525,2240.1125
149.695,286.5375,754.54,1117.6325
206.7425,154.015,2037.5175,1183.8875
40.67,667.11,745.8225,15345.585
55.815,800.8125,461.26,1618.9925
39.4825,300.0125,257.3925,394.2825
69.395,425.255,384.3325,1115.675
30.475,185.875,392.81,1965.1475
21.6525,305.9325,592.7625,2229.15
162.7225,295.26,968.785,264.295
69.9775,145.9475,166.35,1121.93
166.16,827.815,258.7275,2224.785
126.8075,139.82,946.1625,860.7425
81.9125,78.49,355.435,369.725
69.6,149.14,143.7125,390.43
79.7525,144.825,194.785,1416.95
83.08,281.08,321.0175,1112.77
49.675,275.5925,298.5625,5323.1125
92.775,561.4725,334.7325,774.9225
49.74,179.9475,182.49,2754.3675
17.47,306.4175,267.4675,1369.82
305.685,152.05,232.3875,850.02
107.56,196.6525,626.2825,1345.7375
63.4225,113.0225,318.09,1212.1
92.1425,114.6175,210.995,2094.575
55.2875,158.585,95.42,2112.5275
66.09,84.45,457.7175,650.735
51.0875,57.4175,547.77,3665.4075
88.9,385.0475,591.9925,1189.8425
383.925,238.7325,283.1275,942.1275
39.6825,150.7925,294.4625,817.4825
649.545,537.4425,345.5775,794.0475
46.5825,56.0375,592.8625,4135.93
29.4475,69.0575,1321.6675,679.545
79.95,377.8475,262.7875,1591.645
95.185,548.365,629.92,534.4975
218.565,390.6525,427.8125,6566.16
52.4375,262.8825,176.6725,644.385
61.7675,110.19,100.9775,12139.32
132.07,315.5625,244.4,608.915
421.255,177.6825,511.8625,13981.59
250.45,287.7725,400.855,808.6825
545.58,385.6475,453.8025,1151.2275
39.76,337.6575,6362.2125,332.37
45.6575,145.5425,603.065,618.125
38.62,115.9025,134.2125,675.19
63.2625,425.8525,442.165,308.7975
63.405,480.5175,919.1775,6273.53
33.2525,175.2425,888.075,586.7675
32.1675,65.18,487.48,3435.0175
50.84,587.74,714.2675,751.2625
64.9675,230.68,205.53,655.9225
28.3025,93.815,597.915,1440.825
17.46,82.6,1027.8975,1308.5225
97.05,317.155,745.9375,1898.9975
112.44,217.1375,208.72,3175.58
54.7075,165.895,742.075,357.3075
21.945,278.2025,1589.1275,875.4775
104.1075,1046.9175,173.19,428.875
33.69,214.02,860.1,396.325
99.55,249.2675,664.6,8514.41
40.0725,142.0225,742.8675,277.0125
65.74,466.975,288.12,1949.8175
129.245,115.6775,913.59,806.1875
54.6875,85.5425,194.495,442.805
82.99,74.945,1102.5725,964.2275
398.78,460.2975,2028.7525,1039.865
41.8625,320.1,635.635,903.275
41.02,92.915,135.0675,1279.9725
65.7225,231.765,165.025,4371.955
75.9675,240.665,151.255,907.4575
82.4,347.47,535.6025,1430.94
62.825,98.64,437.1,1639.0775
57.8775,181.895,491.61,5169.4125
103.74,235.8475,361.8675,1295.3325
87.8175,174.35,322.21,551.1775
117.89,389.46,530.3975,5325.7825
56.2525,185.3075,1004.725,1803.375
30.16,1061.4225,337.865,523.485
31.5975,213.445,283.5075,1576.56
174.885,1825.225,558.58,2159.615
81.1,144.0275,379.7875,4947.195
136.075,195.3975,4378.75,755.65
28.35,357.3775,237.01,2464.9725
94.645,190.345,497.6175,2535.2575
28.565,194.8725,267.03,236.74
21.4,378.155,345.755,1372.265
48.48,387.9625,209.0675,1307.6675
148.81,320.3125,235.645,256.4075
54.98,433.4425,1733.9,3301.49
50.66,146.8325,240.205,518.655
68.52,150.5925,1332.34,582.2575
79.235,51.3275,380.455,10981.4325
268.0175,256.4825,209.2925,723.9325
109.04,315.1775,675.2925,9800.875
42.4725,386.985,382.3275,614.36
72.49,366.49,1120.695,845.6725
114.81,375.985,977.19,1306.6975
121.23,510.5075,541.3325,510.1525
26.7025,4072.8625,569.515,611.5375
962.545,162.1825,336.8325,1291.175
110.4575,140.075,214.0475,3990.025
28.3775,144.725,192.9075,263.1875
52.6775,280.455,2532.6775,954.39
32.95,69.055,1459.52,2419.44
78.62,226.2025,6544.6875,250.9225
66.3075,686.47,310.3125,3896.0725
100.82,229.775,201.9075,744.15
230.535,76.2125,183.615,226.7575
50.295,96.5175,1005.1525,394.75
100.2675,50.8575,388.43,703.9475
121.61,750.8775,645.605,3886.765
88.8125,284.4,1105.365,429.8075
339.82,76.735,1752.02,363.465
38.3875,134.9475,253.25,764.52
341.34,77.7475,315.4975,237.32
135.005,111.2325,1856.9075,1020.22
40.2825,368.965,313.4775,1210.305
39.3525,217.8875,1420.245,337.595
56.4925,147.805,468.1275,1074.3725
74.125,149.645,1859.37,1456.5925
26.7625,103.9175,361.715,661.925
129.68,86.9425,706.4125,2532.0975
106.4925,102.6325,854.7775,1470.5675
78.2125,133.3,152.4525,265.355
78.5975,394.6775,311.7975,223.9625
84.2725,425.7125,452.0875,466.1225
389.315,103.5375,471.67,2178.92
29.075,106.9875,302.83,1533.2525
154.055,105.875,1052.4125,2067.9625
84.9075,258.555,87.5425,403.3225
46.975,73.91,398.4775,1593.515
43.2275,350.245,310.0775,1108.7875
84.21,62.05,190.3925,2516.4675
79.2975,169.805,235.8875,485.9
38.8875,333.16,519.415,440.9825
49.9925,551.855,416.9975,358.2825
99.25,695.1525,163.25,574.0275
95.965,109.4625,339.995,814.45
76.52,211.115,1409.19,629.63
59.1625,144.4625,373.5275,284.155
72.1075,532.36,121.37,594.6975
92.4475,696.77,421.2725,595.2125
68.2325,400.245,714.9775,1651.9825
28.3875,1586.2375,180.1025,5799.2075
117.6,484.9325,183.3625,1686.43
185.0975,424.3125,142.8775,10233.8875
117.145,763.6375,328.5525,1058.5675
163.57,160.8375,203.33,1515.17
41.59,160.4225,593.3225,474.9825
82.03,222.21,1121.9225,1333.03
100.5025,303.6175,876.975,9703.9775
34.5075,138.81,291.9675,526.985
43.18,251.305,183.31,262.375
59.7025,59.345,367.4525,248.4575
102.87,381.2725,268.2425,474.95
199.575,641.58,1762.01,685.8675
102.2775,103.7925,1717.0175,544.8225
25.0525,305.42,186.21,2765.2775
86.57,83.555,438.495,1355.485
202.54,373.6825,2808.8625,879.7375
50.59,309.6125,184.3325,1136.4
29.9425,117.6,418.255,2190.995
123.82,112.81,179.875,639.055
47.2975,50.09,381.37,527.66
103.38,110.19,739.8975,2264.9875
14.0525,92.31,1560.345,834.045
65.5875,715.2375,151.59,722.3075
65.86,501.4,1811.5825,2631.92
367.48,596.74,385.44,498.3275
61.315,81.9125,469.2625,2986.5525
55.9275,1155.44,1396.345,1985.02
110.535,1482.145,147.9825,25368.955
22.2875,334.05,2199.1475,1416.145
166.1675,238.065,116.815,1050.0275
31.8425,267.9575,115.21,728.6075
36.8175,2649.21,1173.74,791.695
131.785,137.96,209.7325,408.685
60.215,875.9675,276.9275,359.29
161.105,348.94,334.8775,607.7025
25.0125,734.345,443.5725,335.71
94.425,125.3975,826.6025,659.6725
25.3975,60.7075,505.1125,464.5725
56.8475,58.5425,250.2,963.8525
19.48,517.565,2613.46,1209.5
351.35,266.055,880.8275,712.21
127.3225,113.8375,373.62,540.565
58.89,431.0725,368.865,1502.2475
25.6925,349.205,212.6275,684.6825
40.18,174.1475,241.0175,2582.5775
50.06,384.805,2063.215,592.205
24.7275,204.505,289.39,574.2725
24.7375,289.19,1324.5625,937.425
281.875,191.415,443.3625,3466.6625
183.7425,165.765,254.355,360.7075
47.4875,606.2575,157.19,4610.165
89.43,326.43,1101.495,593.0975
34.6425,103.6175,2726.725,1974.165
137.035,121.485,140.53,472.4725
37.7625,371.7325,108.23,2343.445
111.1525,636.4425,216.2525,1323.235
76.3775,251.165,368.9425,423.77
28.315,149.76,140.7,6131.255
78.7525,938.0375,1068.5825,429.605
87.01,127.3475,198.565,2473.5675
64.5,680.225,457.945,5758.4825
104.6375,149.52,129.52,806.9075
46.885,416.04,1041.405,1548.8725
32.09,340.2175,311.6325,2235.4125
86.0975,719.505,311.45,906.0125
65.6325,545.285,2555.7525,1380.4825
128.9975,410.8,229.4725,723.61
146.025,214.4,824.9525,799.92
93.285,204.9025,1033.9625,1293.005
28.515,83.59,365.2125,1119.115
75.905,127.66,585.5475,2243.9725
100.2925,182.295,459.4375,820.27
37.9475,120.7425,640.73,477.525
76.725,161.395,1055.61,932.335
227.9725,432.16,647.6325,1333.34
71.0925,106.6325,584.4225,2311.9775
37.385,110.87,210.34,462.1175
82.2675,144.0675,475.6,387.935
108.89,545.4625,3052.72,2841.7725
27.855,72.76,290.2425,258.5325
52.7475,160.16,1167.9925,370.9975
54.34,159.895,2895.4275,266.8
142.4975,537.075,318.06,376.8925
61.5775,124.7275,402.195,658.0
80.2825,133.715,149.8525,9728.435
103.8825,998.86,122.78,2079.9525
42.18,482.435,947.0925,119.5175
28.7025,137.4925,2099.8225,1504.2425
297.615,144.3875,1700.795,1212.29
39.125,147.9225,290.5275,1383.735
46.7875,196.12,367.9525,378.675
50.745,102.0225,525.9575,321.8825
43.5825,69.23,193.9925,751.0775
181.505,833.07,352.975,1013.795
59.345,45.4425,323.7975,2585.7175
208.2575,80.48,608.9375,1101.2375
167.07,68.225,680.11,424.255
32.295,291.4375,748.895,12110.4975
145.8425,141.2675,349.7425,663.445
154.05,148.6075,2473.155,634.1375
48.4075,86.2025,696.2125,6446.8175
131.8975,332.685,262.4125,883.3525
103.93,477.78,979.615,1833.0475
29.225,5279.69,169.1275,2456.7475
33.4075,245.1975,471.9975,214.205
134.03,105.55,601.655,12224.3875
26.4125,167.61,540.3375,829.245
33.5225,481.175,382.575,591.225
90.5975,290.1825,116.9775,742.93
85.7575,77.77,588.4375,2607.8125
79.5375,258.76,324.875,426.72
64.525,163.0825,609.9875,266.525
22.835,133.165,213.75,261.7725
82.3225,122.67,294.865,3110.7225
20.5475,43.0425,235.98,2116.9025
101.945,98.455,1563.39,5642.31
187.845,758.6725,1055.825,11879.985
45.515,285.915,493.845,782.4825
31.595,389.72,248.35,1004.645
34.1825,125.1975,132.925,770.7175
32.7175,44.115,647.3375,2565.51
165.505,174.8175,276.0725,13548.845
123.07,803.9125,10184.5525,1664.785
170.5975,112.005,378.6525,1204.1325
26.6825,303.715,251.8425,664.1225
93.7375,558.835,165.915,767.0275
30.2325,228.03,1216.4625,3113.585
60.445,344.3225,795.43,1000.005
114.08,416.3925,149.305,779.025
22.885,207.91,322.61,2051.89
40.445,399.515,909.38,687.2675
52.9125,181.9775,231.8675,771.1825
99.4225,208.365,404.135,329.93
114.2,416.1475,140.24,2745.305
69.355,863.8175,274.1,3405.57
69.5775,658.7975,328.075,1309.0225
137.0,933.9575,555.625,1560.6275
40.235,122.2,250.0175,1617.6925
67.8975,532.2375,411.65,374.9125
103.37,178.4875,1804.185,4250.85
35.46,137.2975,216.2375,821.7275
46.5075,187.5425,238.1825,132.925
128.6425,69.9825,766.525,2620.04
190.74,316.4125,584.95,1547.9675
98.4275,335.315,735.595,686.6575
164.28,392.1825,188.0525,506.1025
118.2675,237.49,417.67,1601.8225
62.8675,91.0475,106.2525,1966.725
126.75,280.1075,437.0575,401.1275
42.075,793.835,407.6875,3083.4825
23.505,123.0775,786.6125,510.375
62.3175,395.05,202.745,407.6225
42.415,146.255,1211.13,3496.3775
39.28,230.6125,2508.285,724.6825
89.65,905.3625,2546.8725,893.1925
218.4275,58.07,131.125,430.9075
104.905,69.33,3079.3275,601.19
47.4425,313.1025,285.855,681.785
31.375,120.915,702.75,376.0975
18.97,98.6625,1391.3075,420.935
32.7225,128.63,342.2125,1257.92
52.4275,127.6875,337.495,3317.845
42.375,76.85,284.4725,1070.5
108.75,80.34,329.46,966.2325
63.9925,423.605,1002.88,270.5475
54.7025,594.7325,3392.11,222.56
164.0125,154.0975,189.5775,888.43
76.805,295.24,123.5,1629.9575
61.2075,415.965,175.02,560.385
19.7625,92.16,1106.3475,322.1025
115.2875,411.5,1512.2675,422.0575
75.8475,231.4375,209.6175,723.4725
79.22,281.125,866.715,1625.26
18.205,284.65,828.5075,1632.3725
31.6175,224.02,2272.6475,298.145
84.43,155.49,253.7425,510.94
108.41,70.01,2160.3,2612.9525
22.705,1297.81,420.3325,1031.7675
45.64,342.6125,1040.635,1769.16
63.845,92.815,356.8775,241.6625
42.8675,112.115,508.915,836.455
102.0225,245.635,261.44,435.2175
47.1225,104.41,1628.675,351.345
28.8275,296.8225,319.96,458.06
26.755,139.37,1167.76,1671.9075
33.25,80.25,783.5125,523.07
45.0425,753.255,989.3175,834.09
73.56,145.745,814.08,853.1025
44.6175,167.7325,461.1675,6344.44
130.7975,131.8225,124.3025,3052.15
74.15,148.24,182.3825,991.7
111.37,252.8075,244.8,1492.2775
45.1775,608.3425,3251.6275,456.1125
132.435,91.415,581.86,1768.755
41.0575,143.8125,181.4875,739.12
148.0875,1925.6875,224.5575,391.3925
116.4025,253.91,106.535,1713.7075
40.88,501.9075,288.7525,948.305
15.685,184.2975,1340.185,339.2775
84.7875,115.8225,492.86,284.875
144.1275,452.14,409.1875,399.1725
126.485,181.435,773.1475,1311.705
91.8875,668.0325,296.8025,1009.84
90.18,320.735,396.245,1165.6325
69.68,258.565,192.7575,1335.1425
76.215,165.67,334.8875,1281.6375
208.04,652.6275,192.59,615.5625
158.07,368.24,111.8375,6191.82
22.4425,73.75,184.265,2385.8825
50.6425,180.5675,419.5675,259.2175
149.32,117.59,614.29,2606.3575
163.675,342.87,424.93,1182.9875
66.895,427.045,759.085,761.695
246.645,296.5925,3243.36,1383.9875
23.97,111.515,111.3975,308.87
17.1875,1280.49,364.3175,547.305
79.705,71.9075,1330.6675,1821.96
52.66,162.64,1432.9025,1092.77
59.0025,370.395,980.1875,3742.3525
121.945,209.3825,419.1625,791.6325
191.72,169.965,294.7325,901.1875
79.015,88.6,112.645,448.3425
83.135,165.67,392.54,438.7825
48.65,440.06,430.41,289.845
65.21,220.925,138.1275,963.935
357.9825,143.1675,984.625,1882.9425
38.26,262.6275,140.32,1224.36
19.5425,536.5075,325.3775,2617.0625
247.805,360.5225,861.48,563.755
29.4775,181.52,1568.9875,438.46
149.2525,90.74,271.775,4769.9575
121.565,1260.41,858.4975,1664.19
386.585,153.8875,208.74,429.1575
19.645,183.435,1349.355,1790.6975
26.7425,1666.0475,148.0425,975.095
99.9775,118.81,286.1925,1468.56
20.8725,88.0025,758.505,346.1925
97.33,113.2925,463.37,5899.6525
37.8375,498.765,690.84,2395.87
44.065,212.435,297.215,3465.9425
158.515,481.88,309.3125,564.3775
22.545,954.625,1122.0725,797.8425
49.18,111.98,242.5875,427.71
26.165,195.6425,199.385,964.185
46.9775,171.31,507.67,1270.1975
42.91,263.28,278.395,464.1775
119.06,54.0925,332.9475,212.595
220.69,216.3375,362.705,499.6325
242.885,323.305,273.715,537.4725
126.635,123.8,159.38,874.235
54.4325,143.8375,729.5325,2014.065
17.7275,251.595,250.92,1078.3275
53.4675,55.425,267.505,244.9025
22.9825,422.235,817.0325,620.2
27.8425,204.03,231.61,645.0875
78.73,290.75,135.7775,1091.7575
87.12,375.19,285.53,1705.9275
138.895,221.8275,232.315,398.9075
112.3475,43.5825,416.53,1091.2575
167.57,97.64,579.6025,8855.46
43.215,153.165,692.905,955.3875
37.7325,1566.4775,790.0525,433.8325
34.195,417.4625,668.3025,2011.29
187.86,80.3525,552.02,697.7
217.18,133.385,1014.5825,2012.74
126.88,213.145,89.3,12610.9225
24.3525,614.37,111.2825,626.3025
59.05,417.0925,296.705,855.71
33.26,138.3025,297.5125,411.4725
107.7725,101.22,383.4875,472.1125
64.1475,252.9525,1159.3575,241.2725
218.89,203.92,878.4775,994.0475
40.66,201.4275,567.9675,1332.68
149.74,128.13,3403.8325,1601.7025
48.295,154.975,1434.0575,433.055
55.25,307.9925,117.7025,556.5425
38.4125,284.86,95.075,3572.345
140.65,357.605,295.4425,514.3
19.0775,160.5075,238.7875,3630.2075
30.4325,322.33,477.0175,1889.125
79.1,238.9325,318.03,1284.93
100.205,75.235,198.78,1095.1925
109.72,348.44,955.1775,3572.055
30.285,284.8725,1222.5475,2776.165
128.8925,400.425,106.3525,258.9125
42.7125,665.175,111.0325,2558.155
18.565,209.7,649.69,393.7375
120.4625,111.6425,111.2425,6715.52
118.045,124.515,1348.7325,1064.5975
67.38,71.92,161.5875,673.705
74.825,1818.25,564.93,1593.1775
79.3175,728.3875,771.445,4586.385
57.0775,138.805,520.6775,2820.26
56.5075,202.8025,930.9125,935.5025
28.5725,421.4975,2142.095,684.525
65.265,357.815,138.455,252.5925
69.6625,648.3525,2085.1525,1315.965
82.7775,81.35,316.1075,2714.5975
99.58,111.9425,345.1,1198.8425
89.365,141.0325,241.7675,1516.0975
100.4425,255.7725,287.25,569.5925
172.415,303.3925,319.855,512.6525
21.5425,274.48,244.9625,1008.91
30.765,834.685,241.1525,935.675
184.205,172.9875,300.6825,3761.8575
103.26,576.405,291.0175,584.2275
48.5925,508.68,399.135,1378.7625
74.065,282.6575,305.5575,2032.44
60.0775,152.415,1886.2025,299.3625
35.32,1599.505,315.685,778.3325
121.5175,196.93,1837.4025,429.405
201.84,138.5125,324.33,1551.69
79.8575,280.4375,1862.77,1652.565
51.5,127.3275,1176.5875,2733.3
200.91,59.285,363.8575,627.6975
32.995,48.675,602.9725,1205.55
20.3875,66.26,548.41,651.325
163.695,188.22,568.3075,10831.6775
27.9825,73.96,95.22,837.2075
50.58,293.5175,1733.9425,2910.5775
249.965,129.705,311.775,3009.9075
34.585,697.205,104.105,4454.715
53.775,256.97,111.015,854.0075
68.9525,296.51,343.315,1559.5625
61.2725,312.92,239.42,707.94
149.005,85.7275,1937.545,627.7675
46.0775,567.135,263.17,1396.735
196.29,171.375,3747.04,346.04
76.6175,326.865,530.1875,778.65
95.305,362.425,160.0775,1058.3675
36.2475,183.68,346.0325,7576.84
118.605,289.6075,231.055,598.18
48.5675,43.125,662.4325,1916.18
60.4925,137.3725,210.2775,1626.81
202.17,35.9175,1830.5375,891.5575
79.4375,98.1,895.8025,641.265
32.0775,203.6375,517.175,218.3175
96.8025,127.205,434.2575,1976.4975
66.1675,110.705,227.2625,690.97
59.0675,1141.7625,184.215,468.575
49.565,96.3175,524.4325,645.46
223.5125,90.26,324.0575,1029.235
65.535,311.455,442.3325,517.88
42.625,98.2575,445.7525,467.49
23.0025,99.08,161.255,990.5175
41.2225,100.285,2561.1525,1546.78
31.915,71.54,438.4375,3726.7125
79.43,262.6675,232.88,874.75
33.3275,248.85,159.0975,3000.0475
58.2625,122.31,305.72,4535.0575
111.22,97.555,307.4375,953.225
40.5225,67.84,168.5425,294.7525
76.875,749.08,938.9475,297.1075
47.58,136.4025,723.35,1316.5125
142.8275,658.1175,527.23,1466.9875
71.93,333.105,264.79,1145.4575
21.2625,212.3025,1288.955,1105.7975
129.02,27.2875,235.795,610.165
141.5125,187.09,686.315,1060.22
165.49,959.6675,213.075,553.3175
84.17,440.215,238.69,1092.085
41.915,468.4575,521.1975,400.5225
130.3475,241.47,1668.115,804.8025
85.7975,385.3225,1496.4475,1490.4775
71.28,286.38,427.4525,476.465
27.0075,196.125,652.7675,5582.685
43.695,79.5275,204.965,4512.075
158.28,84.015,331.7375,455.39
30.305,239.545,163.2025,948.7675
35.0525,164.04,1012.645,1937.0425
60.2575,617.1375,315.91,922.215
33.4075,645.955,507.575,6410.0275
87.8325,233.2875,1142.0425,853.8175
66.04,2649.1,99.07,1853.54
113.965,143.5225,750.4325,855.5275
63.915,201.8225,620.325,2188.865
172.825,225.405,659.72,322.36
42.03,112.04,1178.1925,1908.135
61.69,49.89,341.3025,7893.0925
93.63,452.6975,166.74,945.4775
87.755,173.465,314.1875,530.27
72.88,28.7975,486.2,4578.2075
50.4125,265.0975,5362.3725,1739.1075
73.995,327.765,842.545,1766.3925
56.8425,307.725,651.2375,288.6525
126.1675,172.9575,456.3875,2331.8125
49.9425,289.59,399.37,259.4875
31.75,333.4875,1010.65,1506.18
150.7275,885.0375,472.5225,355.5725
168.715,211.725,506.7575,2239.3875
256.065,138.27,607.5775,988.2875
34.675,416.365,1268.4025,450.6375
61.125,366.3325,400.785,492.7875
114.095,67.505,544.885,1473.97
113.0425,205.1625,503.88,539.6275
141.04,347.28,392.275,9371.4725
51.89,688.325,510.4425,4397.01
156.845,167.3375,564.625,3756.7175
141.63,399.3275,377.88,966.3725
39.5525,198.04,295.105,731.515
45.86,647.0075,345.7775,166.3025
53.34,173.1625,279.81,752.1875
49.5625,167.5325,1137.0775,476.335
21.705,43.9275,313.445,855.67
39.5175,116.62,401.04,744.6725
135.655,179.2375,300.3975,1136.625
86.0475,399.0975,705.5375,290.9625
84.425,193.08,836.7875,1287.9125
677.335,92.4175,94.855,509.1925
139.5775,88.98,1111.085,2745.36
92.4425,149.22,1470.85,268.1
82.77,151.145,240.765,1584.755
89.2225,131.685,668.85,2259.675
173.41,128.6925,130.2425,1271.635
68.395,467.8975,438.45,4148.3725
37.815,2020.255,216.1625,908.8775
162.27,895.43,1228.7175,406.7675
157.6225,238.825,488.6775,1554.24
54.0125,207.8825,628.745,603.93
29.805,1840.325,399.28,20533.29
52.845,168.5075,1075.7875,772.365
24.9475,87.73,306.8075,992.43
424.51,90.6125,153.975,821.88
170.2175,232.74,704.69,3523.965
87.0775,198.495,963.335,3051.015
36.7,604.16,759.3675,673.135
46.7875,95.635,187.9275,1022.1125
115.715,166.7,855.76,1673.175
141.8325,252.6425,782.0425,421.52
83.58,135.82,511.965,4212.5925
29.825,185.415,787.3775,2140.885
25.9325,183.7225,162.2275,3241.72
63.0275,192.88,183.62,521.6375
84.3975,348.47,560.5875,596.04
41.8575,438.7,404.6225,412.3775
77.5,1728.445,1924.0775,6582.1125
43.0625,253.855,263.01,1390.775
52.9975,738.87,198.87,6187.78
28.9475,100.28,288.36,421.8975
61.255,143.125,301.8825,4154.3225
22.695,136.4025,177.8425,10389.1675
83.725,1006.54,342.4375,1114.785
99.805,549.2825,181.15,205.35
239.135,306.5875,173.285,2746.455
256.655,227.9,507.8175,3706.985
41.2475,179.02,677.435,252.9325
44.74,163.0575,404.6925,701.765
134.09,368.06,153.5075,1163.18
81.22,115.78,284.4875,694.6725
83.5,992.2375,471.78,1344.2825
35.0625,241.015,1143.5875,3662.6925
35.5825,171.485,248.5125,878.2075
51.22,824.2825,197.9425,2525.945
65.73,248.08,222.4925,2434.4175
336.85,724.7525,194.9525,1015.415
228.665,189.6575,1076.78,3191.975
113.765,250.8,173.6825,1383.3775
44.5975,116.7175,1454.305,1152.7
117.09,113.635,723.6575,1145.6325
91.4825,365.1175,298.5075,662.9675
75.3325,1586.605,5195.945,3511.9225
115.945,377.305,610.0875,1963.4125
74.7425,433.19,397.4875,574.69
31.905,552.49,878.725,339.9775
39.1325,52.185,83.33,2043.575
165.335,113.755,906.955,2752.9125
31.0575,318.35,3364.75,7367.85
44.045,228.24,5823.4875,14421.26
19.265,229.455,816.8575,627.0775
100.07,52.75,175.72,477.7225
59.025,425.07,157.715,515.9425
152.56,186.4925,325.5925,451.325
41.4325,135.9175,725.455,389.76
561.885,109.9375,4172.7425,968.355
83.9275,353.15,157.725,562.43
89.905,591.3125,722.6,742.75
44.2425,599.975,98.98,703.045
51.405,224.4725,1346.06,20906.71
42.525,974.5,525.345,3983.665
111.5925,150.4025,419.0625,4636.9
119.775,118.875,235.86,5018.0075
166.94,305.4125,387.93,1256.715
198.63,395.7525,655.07,934.5925
221.1675,781.35,2276.38,1740.115
124.9075,125.995,360.035,259.8025
147.95,253.01,986.4325,767.4625
135.485,154.575,2105.6425,359.095
59.72,398.665,1911.3425,793.55
71.24,180.0875,731.4575,600.6875
86.07,155.6275,368.5525,1391.9325
45.305,846.2625,383.25,1290.19
43.66,82.965,361.29,2353.9475
25.485,129.3625,998.12,1271.1075
17.2325,469.3675,586.2625,680.5875
33.135,896.06,3977.7875,415.355
24.3125,162.255,339.9575,1377.62
51.995,91.18,243.4375,1195.96
44.4725,68.305,327.2325,354.675
44.635,101.255,314.325,1226.785
41.73,187.1525,834.635,4028.6675
40.4425,163.98,519.3325,1232.885
59.4725,82.635,615.22,531.9325
109.455,133.355,251.135,14245.7675
57.7925,469.84,201.56,489.85
54.2675,334.365,438.305,1148.7875
94.29,265.35,238.6475,3734.07
91.03,349.6625,601.9875,962.1825
48.065,170.875,975.91,353.465
34.0,492.635,568.4225,439.305
58.38,343.0075,330.36,806.7225
144.8675,1717.7875,1885.695,4010.7125
46.2625,545.8725,399.1,13790.3425
32.2025,131.21,219.9725,1245.6975
99.635,89.985,521.5025,6001.2275
141.255,74.1575,1089.6375,350.2475
47.445,134.295,1279.3275,728.8975
29.7925,172.9275,597.3075,801.755
57.4825,93.6875,223.825,1257.8925
33.0275,102.7375,118.44,2926.02
85.2375,589.3875,657.775,1038.695
123.545,85.7175,127.2175,2190.98
364.81,376.97,469.715,22814.9075
33.9675,101.1,608.4825,10287.8125
125.935,95.8725,2676.9575,866.81
87.3825,141.2375,253.105,393.1875
109.9525,302.9975,311.4425,1269.25
202.395,89.04,812.9925,1187.2625
28.995,350.36,395.3,688.4725
171.9225,396.755,296.3825,763.2375
95.1575,72.44,920.895,220.8
90.03,288.595,614.8475,2304.84
28.2075,130.5575,177.865,814.8875
158.89,94.5275,430.9275,816.6525
72.4575,92.305,430.79,336.2225
49.38,729.29,122.035,803.9275
88.7025,194.655,625.945,279.7425
27.215,206.8275,324.9425,2034.1975
26.7125,305.9975,1219.2425,1129.9975
115.44,126.7725,193.48,286.9675
83.7525,678.135,312.465,1346.69
155.1625,122.1575,220.99,642.205
69.8525,213.245,828.07,4123.8875
31.25,358.985,383.2375,2506.6975
63.45,810.1825,198.645,3384.7
65.9875,294.185,426.695,1727.1175
180.6775,347.73,233.1475,225.8175
48.75,474.885,257.3325,2982.69
144.265,231.095,407.14,2717.88
38.705,133.1675,104.07,3523.785
204.57,144.91,225.2225,1708.9825
67.14,32.085,532.77,4658.5975
192.5175,244.1575,674.8975,705.1325
62.3,341.7225,1160.495,918.505
133.585,63.1425,481.785,7198.3125
49.85,132.2625,324.2375,4759.2375
56.825,589.975,361.73,3141.0075
196.91,352.2525,239.38,494.21
95.66,358.345,823.0725,477.3275
181.33,215.2275,775.8125,319.015
123.63,572.69,707.7675,455.655
107.13,334.415,504.83,5563.4325
143.72,465.17,674.7225,1985.8125
79.7,198.4,1431.645,1039.6625
34.0425,133.5325,485.1725,789.2425
317.865,441.5625,1968.96,5838.105
25.1575,360.075,415.455,520.4675
37.415,122.7,110.3175,558.365
29.17,670.925,506.345,508.5
34.2725,273.3575,840.89,997.645
25.715,238.05,129882.9725,1348.9825
74.1025,239.575,267.555,1181.8675
21.47,177.2825,2456.35,382.48
56.5025,114.545,118.9025,514.6475
37.1775,382.83,252.705,7422.1475
20.9925,351.0675,246.5825,1115.63
52.645,353.025,6731.23,3256.38
21.275,391.47,255.0175,307.6925
93.55,391.3975,1287.5825,422.14
208.465,201.74,202.115,261.2175
96.295,329.21,393.3025,9771.5925
48.7875,60.1625,784.94,1767.1
48.495,1542.9075,154.0875,662.1425
37.2925,243.2375,438.575,610.9975
51.9425,87.9525,1465.0425,1202.2625
189.03,191.7475,1366.0225,3273.91
51.65,259.3025,278.5275,186.4925
117.9625,71.6125,498.735,1930.17
36.0025,108.565,289.8675,351.1
66.9,131.615,1141.685,1372.165
45.93,160.7725,851.3675,933.8025
22.3225,343.1025,766.5525,207.405
92.59,307.995,847.67,1333.9425
170.96,69.185,1293.7,4300.9775
114.2,56.3075,917.1,794.9925
64.4875,267.4375,207.9025,13164.735
80.12,373.4525,1482.07,897.8275
149.3125,228.2925,635.395,6929.1925
57.8375,116.555,176.035,819.68
114.83,269.365,441.5475,305.985
90.735,305.485,553.495,5812.9
100.5675,241.89,1138.465,368.785
24.0825,93.56,1306.43,2201.26
217.425,420.6075,716.1475,1204.8475
42.8775,621.02,640.275,355.47
161.96,93.79,739.1775,704.03
75.93,566.17,246.4,844.7075
71.27,209.68,153.71,6311.55
36.56,316.2275,143.6225,8114.5475
86.14,648.8075,298.065,1886.635
78.3825,137.7475,670.315,614.9725
65.85,152.515,466.1675,3392.09
32.56,481.245,654.6975,892.4125
55.295,189.545,171.28,487.4525
37.8425,152.665,2068.7075,12620.53
43.935,233.0,1466.64,848.6025
84.38,121.31,868.2575,356.35
102.645,79.0625,786.275,501.1375
109.7575,133.3225,566.9575,853.9175
136.485,253.175,168.915,209.235
63.7375,772.1775,452.13,1844.7975
90.93,177.5025,222.855,2178.68
155.5925,267.805,1029.885,1691.84
33.58,317.715,524.2575,8173.4225
25.865,897.745,339.84,3295.2375
123.51,112.69,232.61,2479.4075
51.9875,252.19,971.85,6453.5
147.545,235.7625,87.775,3159.7925
74.2125,374.2625,335.2825,1979.5825
104.7325,154.59,314.36,1287.715
158.07,243.9125,151.8875,18948.35
54.535,2658.41,505.1775,775.9275
41.335,257.15,334.7175,1185.545
52.665,395.1875,122.1675,358.375
78.7325,39.5025,828.175,8804.8575
46.11,92.4175,341.5825,871.9675
136.0025,256.5225,756.2825,576.84
152.98,287.935,437.3625,380.415
35.69,863.6,435.7075,338.305
98.895,2424.3525,821.785,554.4775
81.15,368.475,810.4225,1945.88
70.895,79.105,87.845,3290.9325
73.54,412.5975,2207.1075,702.05
33.81,637.35,195.78,10736.57
49.515,61.2525,726.1975,2520.46
25.805,237.0775,200.815,2897.54
232.945,134.5275,145.1825,597.3375
48.31,96.1175,4137.845,887.0925
85.1725,1302.51,851.2925,330.28
30.51,2307.015,267.7525,1230.0325
28.825,242.76,261.2675,670.9675
22.4625,231.11,660.11,1417.2225
125.275,226.85,87.9,2063.7025
95.3625,149.6525,106.2225,1956.215
89.01,108.0075,95.665,1029.9425
45.3875,741.7725,2145.24,8773.0025
46.315,414.0,822.895,1849.4025
40.8475,667.5,375.3425,263.825
38.72,628.7575,545.78,553.8275
230.495,85.4225,149.165,420.1825
46.7425,575.6925,2766.0525,235.6325
121.765,161.375,259.5525,3416.9375
54.7875,207.65,626.215,2452.33
66.8,497.31,1857.135,1140.8775
62.475,140.6675,898.8675,416.045
77.885,302.7425,4085.4075,824.03
65.7525,148.355,236.2725,740.8475
59.7125,104.225,269.0575,2189.8225
49.7275,143.9975,137.7975,203.095
244.845,176.71,7208.095,1548.275
27.5275,214.2175,674.7225,878.155
58.0025,446.155,93.98,1805.6175
157.605,180.125,1536.085,896.4325
64.06,982.1425,1475.895,1210.165
86.8975,232.73,758.22,531.995
126.56,201.33,1605.8125,616.875
41.435,109.3475,1000.8325,1077.595
93.25,665.0025,256.115,5637.02
41.905,609.055,696.0625,4091.945
81.0325,181.69,868.38,369.5675
201.4425,209.0025,215.8325,381.71
37.45,378.145,335.9775,1378.7
77.84,189.5225,1930.9325,573.7
329.33,173.0075,348.295,3596.6225
24.9125,428.27,234.83,506.73
57.3225,136.0375,673.665,1041.685
55.875,129.37,193.33,1383.9825
388.1375,103.92,494.5625,839.1725
35.295,112.975,170.6925,580.4875
54.88,302.475,412.855,1588.1925
119.5675,135.57,225.7075,606.0775
38.4825,59.475,416.28,2354.395
63.3525,226.415,874.6775,542.62
168.1675,154.5425,268.3575,4202.575
71.35,124.4625,762.1325,989.5225
